1,書房裡的釣魚池,第12卷第15話
2,時光機不見了！！,第22卷第11話
3,回想起來吧，那一天的感動！,第29卷第12話
4,慢慢吞吞 慌慌張張,第5卷第1話
5,大雄的新娘,第6卷第17話
6,獨裁者按鈕,第15卷第13話
7,強音波發生器,第17卷第15話
8,萬能通行證,第15卷第7話
9,時光包巾,第2卷第9話
10,蒲公英飛向天空,第18卷第20話
11,（秘）間諜大作戰,第1卷第4話
12,HELLO 宇宙人,第13卷第21話
13,大雄的地底王國,第26卷第17話
14,調換繩索的故事,第42卷第14話
15,漫畫家小珠,第24卷第11話
16,到處都是哆啦A夢,第5卷第7話
17,心情香水,第20卷第17話
18,喜歡得不得了喵,第7卷第5話
19,瓶蓋收集,第9卷第4話
20,稀奇古怪的傘,第19卷第10話
21,息怒棒,第23卷第6話
22,一生一次的一百分,第1卷第11話
23,詛咒相機,第4卷第1話
24,天花板上的宇宙戰爭,第19卷第4話
25,變身餅乾,第1卷第3話
26,再見了靜香,第32卷第18話
27,增加氣氛的樂團登場！,第14卷第4話
28,朋友圈,第38卷第8話
29,跌倒專家,第13卷第13話
30,樵夫之泉,第36卷第18話
31,哆啦A夢的大預言,第1卷第2話
32,白百合般的女孩,第3卷第16話
33,剪影子刀,第1卷第9話
34,考試吃的記憶麵包,第2卷第1話
35,古董競爭,第1卷第6話
36,鬼故事燈,第2卷第3話
37,夢風鈴,第2卷第4話
38,換裝相機,第3卷第11話
39,祖先加油,第1卷第8話
40,道歉蚱蜢,第1卷第7話
41,小珠的戀人=大雄,第22卷第6話
42,指路天使,第3卷第9話
43,離家越來越遠了,第14卷第1話
44,啊，喜歡，喜歡，喜歡！,第3卷第12話
45,讓出木衫熟睡的計畫,第22卷第3話
46,以前真好,第30卷第15話
47,寶星,第44卷第20話
48,危險！獅子假面,第3卷第1話
49,大雄長時間的離家出走,第25卷第1話
50,正直太郎,第2卷第6話
51,蛇發女妖的頭,第20卷第6話
52,神槍手競賽,第12卷第16話
53,狼人面霜,第11卷第5話
54,四季徽章,第16卷第3話
55,賄賂作戰,第11卷第12話
56,辛苦味噌,第8卷第22話
57,無敵昆蟲丹,第19卷第16話
58,愛上機器少女,第2卷第2話
59,聲音硬塊,第12卷第18話
60,N·S徽章,第2卷第12話
61,蝸牛屋真舒服,第9卷第16話
62,遙控模型大海戰,第14卷第19話
63,雪山的羅曼史,第20卷第18話
64,龍宮城的八天,第25卷第13話
65,神燈裡的煙怪,第1卷第15話
66,壁紙裡的新年會,第9卷第3話
67,把感冒傳染給別人,第2卷第15話
68,溫泉旅行,第6卷第3話
69,榻榻米上的田圃,第2卷度14話
70,誇張外套,第13卷第1話
71,實物圖鑒,第6卷第5話
72,地球製造法,第5卷第3話
73,進化退化光線,第8卷第14話
74,遠古漂流記,第17卷第4話
75,夢的頻道,第15卷第1話
76,發現恐龍的足跡,第44卷第13話
77,紙手工大暴走,第17卷第2話
78,恐龍出現了！？,第21卷第5話
79,把恐龍請到日本來,第31卷第6話
80,自然觀察塑膠模型系列,第45卷第5話
81,無人島的大怪物,第41卷第13話
82,接龍變身卵,第28卷第1話
83,成為石器時代的國王,第7卷第11話
84,書房的大雪崩,第2卷第16話
85,化石大發現！,第11卷第17話
86,宇宙泰山,第16卷第20話
87,從未來國度遠道而來,第1卷第1話
88,夢幻小鎮、大雄樂園,第3卷第13話
89,要做個出色的爸爸喲！,第16卷第4話
90,The·超能力？！ 超 能 小 夫,第31卷第4話
91,小夫的弟弟登場！？小夫是理想的哥哥,第40卷第14話
92,探險靜香！？即使在胃中，在水中,第10卷第17話
,（靜香角色介紹篇）,第10卷第17話
93,靜香的愛犬… 小白！復活了,第3卷第18話
94,世紀的超級巨星！！狂熱吧！胖虎粉絲俱樂部,第33卷第2話
95,胖虎的戀人！？ 懶洋洋的胖虎,第29卷第7話
96,靜香和出木衫…透視貼紙的大危機,第23卷第10話
97,出木衫變成書了！？ 人 類 書 皮,第27卷第11話
98,技子甜美的戀愛物語 不要哭，技子喲,第40卷第18話
99,Chiristina剛田大師！ 小珠的新漫畫,第44卷第17話
100,給6月建個節日吧！！無所事事日,第14卷第12話
101,貓貓小貓貓小貓 沒人要大雄貓嗎,第43卷第1話
102,溫柔的媽媽是誰的媽媽？ 互換媽媽,第3卷第3話
103,爸爸人生的分岔口…大雄要消失了？,第43卷第17話
104,未來的城市只有一個人,第21卷第6話
105,計畫時鐘,第3卷第5話
106,吃了糖果做歌手吧,第8卷第5話
107,奶奶的回憶,第4卷第18話
108,感人肺腑的話,第9卷第1話
109,心想事成丸,第3卷第14話
110,世間充滿謊言,第9卷第13話
111,大雄漂流記,第6卷第12話
112,袖珍二維相機,第20卷第10話
113,定時傻瓜彈,第41卷第10話
114,事前日記很恐怖,第16卷第18話
115,妖怪盒子,第31卷第3話
116,判斷是非搶,第38卷第9話
117,那兩個人在幹什麼？,第42卷第17話
118,水加工粉,第23卷第9話
119,平等炸彈,第26卷第7話
120,幫幫我藥丸,第20卷第4話
121,三態藥丸,第33卷第11話
122,現實枕頭,第5卷第14話
123,再見了大雄！ 哆啦A夢要回未來了…,第24卷第17話 第30卷第16話
124,哆啦A夢的歌聲,大全集第1卷第40話
125,戲劇打火機,第8卷第2話
126,什、什麼！！ 大雄得了一百分,第25卷第6話
127,惡魔卡,第22卷第8話
128,輕重控制儀,第41卷第17話
129,未知遭遇機,第17卷第14話
130,偽裝葉,第16卷第11話
131,向神明機器人伸出愛心之手！,第28卷第14話
132,稅金鳥,第22卷第14話
133,透明人眼藥水,第8卷第9話
134,自信動搖機,第37卷第6話
135,厄運鑽石,第8卷第7話
136,恐怖的正義繩索,第23卷第3話
137,迷你熱氣球,第40卷第15話
138,四次元擴建板,第27卷第1話
139,連起來的線,第31卷第12話
140,浦島糖果,第9卷第9話
141,哆啦A夢與哆啦美,P4卷第20話
142,惡魔護照,第13卷第17話
143,可愛石頭的故事,第37卷第11話
144,沖啊！大雄超人,第21卷第9話
145,如果電話亭,第11卷第1話
146,靜香奪還戰（上集）,第40卷第19卷
147,靜香奪還戰（下集）,第40卷第19卷
148,漂亮的小咪,第14卷第14話
149,睡覺天才大雄,第30卷第5話
150,魯濱遜漂流記裝備,第39卷第18話
151,立即成真喇叭,第37卷第10話
152,大危機！小夫的考卷,第28卷第11話
153,世界沉沒,第4卷第10話
154,情侶測試徽章,第19卷第7話
155,地底國的探險（上集）,第5卷第9話
156,地底國的探險（下集）,第5卷第9話
157,盲點星,第40卷第12話
158,狼的一家,第2卷第11話
159,沒有鏡子的世界,第27卷第17話
160,不可能製作動漫,第24卷第13話
161,大雄的黑洞,第26卷第15話
162,咒語是Chin Ka Ra Hoi 魔法師大雄,動畫原創
163,把〇〇交給魔王殿下…惡魔城的秘密,動畫原創
164,,動畫原創
165,穿紅鞋子的女孩,第6卷第10話
166,空地的大白鯊,第30卷第3話
167,後山大冒險！ 救出大雄的決死探險隊,第22卷第10話
168,感激光環,P3卷第8話
169,那個人的起居室,動畫原創
170,小魔女靜香,第26卷第8話
171,靜香心中的秘密,第28卷第7話
172,正義的英雄 超人胖虎,P2卷第13話
173,正義的英雄貓頭鷹人,第34卷第4話
174,不能飼養哆啦A夢嗎？,第37卷第13話
175,恐怖的胖虎生日,第23卷第5話
176,恐怖的胖虎生日又來了,動畫原創
177,胖虎被打敗了！？,第36卷第7話
178,大雄變成畢卡索！？差變好噴霧,第43卷第13話
179,用沒有存的錢,第4卷第8話
180,海盜大決戰 南海的愛情羅曼史,動畫原創
181,大胸房間裡的地平線,第28卷第2話
182,蛋中的靜香,第37卷第15話
183,烏黑的人氣明星,第30卷第2話
184,強迫運動屋,第19卷第1話
185,貓咪建立公司了喵,第15卷第2話
186,雲中的游泳池,第14卷第18話
187,獨家新聞！與大雄的秘密約會,第24卷第12話
188,大象與叔叔,第5卷第18話
189,我的主人肚子餓了,P5卷第7話
190,偷走媽媽的鑽石,第7卷第7話
191,未來購物要小心,第7卷第10話
192,哆啦A夢生重病了？,第45卷第2話
193,哆啦A夢的重生之日,動畫原創
194,不要搶走我的傑克,第43卷第18話
195,大雄養育的輝夜公主,第37卷第12話
196,買菜的是孫悟空 拖地的是灰姑娘,第40卷第5話
197,大雄成神仙了！？,第43卷第8話
198,颱風的風子,第6卷第15話
199,匹諾曹之花,動畫原創
200,21世紀的殿下,第24卷第4話
201,美食家桌布,P1卷第1話
202,雪男的兼職,P4卷第8話
203,我是迷你哆啦,第41卷第6話
204,顏值，力量，還是IQ,第40卷第6話
205,保護王子！ 傳說中的哆啦美三劍士,動畫原創
206,大雄的小小大冒險,第35卷第19話
207,戰國時代哆啦地藏,第36卷第19話
208,馬上就是鼠年了喲，哆啦A夢,P5卷第1話
209,閃電式交換,動畫原創
210,點心牧場,第24卷第6話
211,遲到STOP大作戰,動畫原創
212,打倒胖虎！魔法的咒語,第37卷第1話
213,大雄+鴿子=？,P5卷第16話
214,頑強的石頭,第43卷第12話
215,小夫的美容院之行,動畫原創
216,再見了小夫,動畫原創
217,宇宙神槍手大雄（上集）,第24卷第16話
218,宇宙神槍手大雄（下集）,第24卷第16話
219,向大雄隊長敬禮！,第15卷第12話
220,天才·出木衫的火箭計畫,第25卷第4話
221,無敵的 ULTRA SPECIAL MIGHTY STRONG SUPER 鎧甲,第16卷第13話
222,愛上大雄的精靈,第21卷第16話
223,我是桃太郎的什麼人2008,第9卷第18話
224,森林是活的,第26卷第12話
225,特攝奧哆啦曼,第20卷第19話
2007年劇場版,大雄的新魔界大冒險～7人魔法師～,大長篇第5篇大長篇第28篇
226,樹小子戀愛了,動畫原創
227,另一部“綠巨人傳”,動畫原創
228,性格反差藥,第6卷第16話
229,我出生的那一天,第2卷第5話
230,試著說再見,第31卷第17話
231,22世紀的大決戰！哆啦A夢VS德古拉（上集）,動畫原創
232,22世紀的大決戰！哆啦A夢VS德古拉（下集）,動畫原創
233,戲劇性瓦斯,第36卷第5話
234,大雄真了不起！再來一次,第23卷第1話
235,送給靜香的禮物是大雄,動畫原創
236,未來的真人遊戲,第27卷第13話
237,迷糊偵探大雄,第32卷第17話
238,在父親節建地鐵,第2卷第13話
239,戀愛中的胖虎（上集）,第44卷第5話
240,戀愛中的胖虎（下集）,第44卷第5話
241,搭潛水艇去海裡玩,第6卷第13話
242,沉睡的海底王國,動畫原創
243,七夕的宇宙戰爭,P5卷第6話
244,比我更沒用的傢伙來了,第23卷第11話
245,保鏢是背後的幽靈,第37卷第4話
246,倍倍液,第17卷第1話
247,再見阿花,第30卷第7話
248,然而幽靈出現了！,第37卷第18話
249,計畫生日,第45卷第8話
250,人生重來機,第15卷第11話
251,石器時代的旅館,第38卷第17話
252,打倒胖虎隊,第7卷第3話
253,重畫世界吧,動畫原創
254,哆啦A夢的假日,第35卷第13話
255,哆啦A夢的青之淚,動畫原創
256,冒險茶,第36卷第11話
257,舌相占卜神准！,第12卷第2話
258,大雄在無人島的3000日,第14卷第10話
259,沒用的大雄機器人,第29卷第3話
260,大雄的邂逅列表,第18卷第16話
261,海底遠足記,第4卷第5話
262,大雄他們的花樣滑冰表演,動畫原創
263,戀愛的傳言停不下來,第40卷第8話
264,時間啊動起來吧！！,第24卷第7話
265,於是，我們踏上了旅程,動畫原創
266,小夫的無敵炮臺,第38卷第19話
267,坐墊也有靈魂,第39卷第15話
268,作一個弟弟,第10卷第15話
269,在邪惡的道路上前進！,第14卷第15話
270,哆啦美最糟糕的一天,動畫原創
271,世界第一的鳳梨包,動畫原創
272,大暴走，巨大的手工機器人,第23卷第16話
273,斜坡手杖,第37卷第8話
274,大雄的0分突圍戰,第37卷第16話
275,搬到幽靈城去,第12卷第20話
276,野比家沒有重力,第32卷第8話
277,距離老鼠消失還有4個小時,第7卷第9話
278,野比左衛門的寶藏,第4卷第13話
279,大雄的夢物語,第38卷第4話
280,一半的一半又一半,第42卷第12話
281,那一天，那一刻，那個不倒翁,第18卷第14話
2008年劇場版,大雄與綠巨人傳,大長篇第25篇 第33卷第17話
282,大雄與靜香的愛之小屋,第35卷第9話
283,召喚勝利的啦啦隊手套,第23卷第7話
284,山奧村的怪事件,第7卷第19話
285,幻想動物主題公園,第26卷第4話
286,銀河鐵道之夜,第20卷第8話
287,未來世界的怪人,第4卷第14話
288,再見了哆啦A夢,第6卷第18話 第7卷第1話
289,大雄和吐星鯨魚,動畫原創
,哆啦A夢的重生之日（特別版）,動畫原創
290,歡迎來到地球的中心（上集）,第23卷第12話
291,歡迎來的地球的中心（下集）,第23卷第12話
292,靜香消失了！？,動畫原創
293,大雄的求婚大作戰,第1卷第12話
294,哆啦A夢要減肥！？,動畫原創
295,大雄家的生計危機,P2卷第17話
296,正義的夥伴 SELF假面,第12卷第8話
297,蹭飯的胖虎,動畫原創
298,交朋友髮髻,動畫原創
299,雨男好苦啊,第34卷第9話
300,愛上大雄的美少女,動畫原創
301,相反星球,第17卷第8話
302,小夫綁架事件,動畫原創
303,哆啦A夢辭職了,動畫原創
304,坐昆蟲飛機吧,第27卷第6話
305,不入海就能在海底散步的方法,第19卷第3話
306,盛夏之際冬天來臨,第41卷第15話
307,因此，幽靈出現了,動畫原創
308,大雄心中的大雄,動畫原創
309,幸福的人魚公主,第19卷第5話
310,戀愛的哆啦A夢,第27卷第3話
311,矬狗酷哥,動畫原創
312,小機器人是苦力？,第7卷第2話
313,大雄世界上僅有的一匹？,第27卷第14話
314,哆啦A夢漫長的一天,動畫原創
315,大暴動！大雄的寶寶,第8卷第6話
316,野比家變成了巨大迷宮！？,第18卷第11話
317,彩虹維奧萊塔,第39卷第21話
318,對著窗戶說再見,第19卷第19話
319,用橡皮擦擦掉臉,第8卷第19話
320,玩具兵團,第4卷第3話
321,熱血！大雄的運動會,動畫原創
322,趕走外星人！,動畫原創
323,恐怖的胖虎晚餐秀,第41卷第14話
324,大雄偶爾也會思考,第34卷第14話
325,名犬！？忠犬八,P4卷第7話
326,大雄鎮上的黑洞,第44卷第21話
327,胖虎的優點在哪？,動畫原創
328,聖誕夜的大雄老公公,第21卷第15話
,賣火柴的哆啦美,動畫原創
329,追尋銅鑼燒的傳說！,動畫原創
,電影30周年！全部呈現特別篇,動畫原創
330,45年後…～未來的我來了～,P5卷第20話
331,漫長的新年,第23卷第15話
332,大恐慌！超級嬰兒,P5卷第18話
333,只要受到稱讚大雄也能成為藝術家,第8卷第21話
334,人生之路是往右還是往左,第42卷第18話
335,風之子頭箍,P4卷第6話
336,做過火了！願望實現機,第42卷第15話
337,豪華！小夫的貧窮生日,動畫原創
338,呲溜！老師停不下來了,動畫原創
339,大富豪大雄,第32卷第13話
340,大雄的人魚傳說,動畫原創
341,用扁平滾刷來搬家,第29卷第14話
342,大雄耳朵長出章魚的故事,第39卷第20話
343,鎮內突圍大作戰,第42卷第1話
大山版1,夢幻的城市 大雄樂園,第42卷第1話
2009年劇場版,新·大雄的宇宙開拓史,大長篇第2篇
344,大雄的遠足求生記,動畫原創
345,詛咒的笑草人,動畫原創
346,又細又長的朋友,第27卷第7話
347,以前的媽媽是大雄！？,動畫原創
348,給胖虎製造弱點,P3卷第17話
349,也給出木衫製造弱點,P3卷第17話
350,靜香與爺爺樹,動畫原創
351,顛倒筆,第4卷第4話
352,大雄所不知道的大雄,第13卷第20話
353,灰姑娘去哪了,動畫原創
354,托夢的爺爺,第14卷第20話
355,1000個胖虎！？,動畫原創
356,我是，骨川哆啦A夢,第4卷第9話
357,乘坐吸塵器去兜風吧,第18卷第9話
358,釣到了禿頭海怪！,第31卷第2話
359,房子變成機器人了,第17卷第13話
360,脫皮的故事,第14卷第2話
361,小珠和哆啦美是戀人！？,動畫原創
362,歡迎來到妖怪旅館！,動畫原創
363,大雄的生日冒險記,動畫原創
364,大家來換身,第11卷第15話
365,游泳粉,第12卷第12話
366,骷髏島的寶藏,動畫原創
367,變身、變身、再變身,第34卷第13話
368,大冰山上的小屋,第18卷第6話
369,決戰！ 貓型機器人vs犬型機器人,動畫原創
370,坐ワ字飛上天,第34卷第1話
371,變身！吸血鬼套裝,第21卷第10話
372,實物3D電視,動畫原創
373,那一天，全部都變成老鼠了！,動畫原創
374,迷宮點心樂園,動畫原創
375,小狗阿一的國度 羈絆篇,第22卷第16話
376,小狗阿一的國度 希望篇,第22卷第16話
377,和靜香去泡溫泉吧,動畫原創
378,哆啦A夢也想有個媽媽,動畫原創
379,在翻花繩世界裡稱王,第15卷第18話
380,恐怖的小珠咖喱,動畫原創
381,用提前推遲器來拖延,第43卷第3話
382,大雄的蘿蔔大決戰,第21卷第2話
383,聖誕夜的小偷聖誕老人,動畫原創
,哆啦美劇場 ～塔中的公主～,動畫原創
2006年劇場版,大雄的恐龍2006,大長篇第1篇大長篇第27篇第10卷第21話
384,飛上天！野比家的被爐,動畫原創
385,大雄的寵物是只紙做的狗！？,P2卷第20話
386,大雄的家在雪山上,第19卷第18話
387,胖虎家的大改造,動畫原創
388,會變成大雄的標籤,P1卷第4話
389,全是哆啦A夢,第5卷第7話
390,鏡子中的世界,第33卷第7話
2010年劇場版,大雄的人魚大海戰,大長篇第26篇
391,離家出走出白堊紀,動畫原創
392,四方形的哆啦A夢,動畫原創
393,給孩子王投一票吧！,動畫原創
394,永遠的機器人，保羅,動畫原創
395,大雄的結婚前夜,第25卷第15話
396,大雄混亂的入學典禮,動畫原創
397,樵夫之泉,第36卷第18話
398,變身餅乾,第1卷第3話
399,歡迎光臨野比酒店！,動畫原創
400,不能說違心的話！,第39卷第8話
401,我才不要這樣的靜香！,動畫原創
402,失物釣魚池,第32卷第3話
403,感恩機,第19卷第12話
404,討厭的格列佛,第36卷第3話
405,傳說中的大雄,動畫原創
406,海獺大雄的大冒險,動畫原創
407,願望之星,第10卷第18話
408,異性緣大作戰,動畫原創
409,新歌發表！胖虎很棒？,動畫原創
410,靜香的滑稽演奏？,動畫原創
411,阻止我的大雄,P1卷第3話
412,奶奶的回憶,第4卷第18話
413,七夕的夜空掉下來了,動畫原創
414,野比家的巨大金槍魚,動畫原創
415,四次元的百寶袋有備件,第25卷第3話
416,乘雲駕霧去上學,C4卷第18話
417,夜行列車是我家,第25卷第12話
418,超能戒指,C5卷第12話
419,解決！出木衫事件,第30卷第6話
420,大雄變成幽靈,P4卷第16話
421,水窪裡的巨大舌魚,第34卷第17話
422,胖虎電池無限大,第42卷第16話
423,可愛的石頭的故事,第37卷第11話
424,胖虎上電視了！,第30卷第9話
425,盛夏的故事徽章,動畫原創
426,謊言成真,第4卷第2話
427,獻上我的一切,動畫原創
428,哆啦A夢的一日之戀,動畫原創
429,跑起來哆啦A夢！銀河大獎賽,動畫原創
430,得到你的優點,動畫原創
431,不能違背大雄國王,動畫原創
432,跑吧！馬竹,第1卷第16話
433,月光與蟲鳴,第4卷第6話
434,沒有魔神的神燈,C3卷第13話
435,大雄的忍者修行,第28卷第8話
436,顧名思義貝類組合,P5卷第8話
437,最棒！最差的招待,動畫原創
438,超級移動浴池,動畫原創
439,大雄成為社長,動畫原創
440,機械化機,第29卷第2話
441,只屬於你的東西的噴霧,第42卷第5話
442,我是雄子,大山版1402
443,機械製造機,第22卷第1話
444,少爺曼波,動畫原創
445,說謊鏡,第2卷第8話
446,巨大小夫出沒！,動畫原創
447,午睡王錦標賽,動畫原創
448,任意大炮,第6卷第9話
449,重力油漆,第5卷第2話
450,趕走討厭的客人,第11卷第3話
451,考試吃的記憶麵包,第2卷第1話
452,問題圍著地球轉,第19卷第15話
453,閣樓的青椒田,動畫原創
454,心情暖寶寶,動畫原創
455,媽媽與媽媽的較量,動畫原創
456,超級混合機,第7卷第13話
457,突擊！噴嚏終結者,動畫原創
458,驅鬼豆,大全集第15卷第76話
459,再見了靜香,第32卷第18話
460,胖虎燉鍋,第13卷第6話
461,開張！動物訓練店,P4卷第12話
462,溫暖的雪仗,第26卷第16話
463,小夫在剛田商店打零工,動畫原創
464,電視臺開播了,第11卷第11話
465,把那個傢伙固定,第29卷第9話
466,與大雄邂逅的假面女王,動畫原創
467,為您效勞,動畫原創
468,延遲聲音糖,第10卷第1話
2011年劇場版,新·大雄的鐵人兵團 ～展翅吧天使們～,大長篇第7篇
469,笑的人生,第8卷第8話
470,大雄的兒子離家出走,第36卷第15話
471,來泡美味的溫泉吧！,動畫原創
472,尋寶遊戲組合,第13卷第10話
473,哆啦A夢的百年時光膠囊,動畫原創
474,遠離人群的黃金周,第19卷第2話
475,公寓樹,第10卷第3話
476,假外星人,第10卷第10話
477,偽裝葉,第16卷第11話
478,來看日食吧,動畫原創
479,漫畫家小珠老師,第29卷第17話
480,哪一條才是輕鬆的路,第33卷第5話
481,口袋中的靜香,動畫原創
482,小珠的漫畫，打擾了,動畫原創
483,天氣箱,第10卷第11話
484,吃了糖果來做歌星吧,第8卷第5話
485,復原燈,第13卷第14話
486,機會製造機,動畫原創
487,向幸福前進吧！,第21卷第11話
488,一模一樣羊羹,動畫原創
489,實物寄送機,第24卷第8話
490,參上！昆蟲超人！！,動畫原創
491,一寸帽子,第16卷第15話
492,大雄的房間禁止進入！,P1卷第21話
493,安心！胖虎保險,動畫原創
494,決戰！胖虎VS妖怪軍團,動畫原創
495,世界紀錄石,動畫原創
496,出擊！潛水艇大雄號,第26卷第6話
497,快樂地找工作,第27卷第12話
498,樂不思蜀的幽靈生活,第29卷第5話
499,讓沒有寄出的信得到回信的方法,第2卷第18話
500,跑吧！流水素面,動畫原創
501,遲到10分鐘的超能力,第27卷第18話
502,事件炸彈,動畫原創
503,大冒險遊戲書,第38卷第12話
504,感恩監獄大逃脫,動畫原創
505,空中飛魚,第7卷第4話
506,偏袒樹的偏心,第18卷第3話
507,狼人面霜,第11卷第5話
508,人類用定時開關,P4卷第17話
509,大雄靠黃瓜得了第一名？,動畫原創
510,繼續噴霧,第5卷第13話
511,奇跡的二重唱！ 胖虎和小夫,動畫原創
512,幸福撲克牌的恐怖,第27卷第19話
513,熱演場記板！,動畫原創
514,樹懶套裝,動畫原創
515,管教糖果,第22卷第4話
516,吹走的喇叭,第41卷第3話
517,爸爸、大雄、和遊著酒的河,第36卷第17話
518,復仇導彈飛來了,P5卷第17話
519,自動跳舞鞋,動畫原創
520,愛上哆啦A夢的狸貓,動畫原創
521,恐怖的胖虎披薩,動畫原創
522,成立！野比披頭士樂隊,動畫原創
2012年劇場版,大雄的奇跡之島 ～動物歷險記～,大長篇第29篇
523,彩票中了3億元,第5卷第16話
524,黴運積分卡,動畫原創
525,哆啦美與故事徽章,第3卷第17話
526,發現槌蛇了,第9卷第2話
527,人體儲錢罐,第40卷第16話
528,誕生！名偵探大雄,第3卷第4話
529,好想吃螃蟹！,動畫原創
530,跨時代購物,第11卷第16話
531,超級惠方卷,動畫原創
532,雪是滾燙的,第1卷第14話
533,小夫一見鍾情了,動畫原創
534,靜香的宇宙露天浴池,第22卷第15話
535,怪盜大雄參上！,動畫原創
536,用小鳥帽飛到天空,C1卷第1話
537,爸爸媽媽家庭大作戰,動畫原創
538,神准？手相組合,第2卷第10話
539,最強！跌倒專家Z,動畫原創
540,爆發胡椒,P3卷第14話
541,無論如何一定要去賞花,第45卷第11話
542,攢錢去夏威夷旅行,動畫原創
543,靜香的羽衣,第2卷第7話
544,在天國睡午覺,第34卷第16話
545,獨裁者按鈕,第15卷第13話
546,速成媽媽,動畫原創
547,被盯上的胖虎,第39卷第16話
548,逃脫！恐怖的骨川家,動畫原創
549,洞悉頭盔,第39卷第11話
550,房屋竹蜻蜓,動畫原創
551,靜香最糟糕的生日,動畫原創
552,近朱者赤棒,動畫原創
553,胖虎是熊貓,動畫原創
554,送禮包巾,第37卷第7話
555,最強！黑帶大雄,第5卷第15話
556,胖虎的告別演唱會,第40卷第7話
557,夢境導演椅,P2卷第11話
558,顛倒世界鏡,C1卷第16話
559,大雄的秘密隧道,第19卷第8話
560,用搬家地圖搬家,第9卷第11話
561,用鏡子做廣告,第14卷第3話
562,萬能冰棒,動畫原創
563,決心混凝土,第43卷第6話
564,再見了我的吸塵器,P3卷第18話
565,盛夏之夜的大航海,動畫原創
566,最喜歡飲料,動畫原創
567,深海騎行,動畫原創
568,大雄的整人錄影,第37卷第9話
569,種煙花吧！,動畫原創
570,分身錘,第27卷第5話
571,和妖怪共度的暑假,動畫原創
572,凝固燈,第38卷第18話
573,大雄的夏日祭典大作戰,動畫原創
574,在撒哈拉沙漠無法學習,第16卷第16話
575,大雄能量的使用方法,動畫原創
576,用鼻子氣球飛上天空,P6卷第8話
577,深夜的巨大哆啦狸貓,動畫原創
578,人體火車頭,第8卷第13話
579,在盆景裡采松茸,第38卷第15話
580,萬聖節是什麼節日？,動畫原創
581,品嘗湯匙,動畫原創
582,用魔術手為所欲為,第13卷第11話
583,蛇發女妖的頭,第20卷第6話
584,烤白薯的心意,動畫原創
585,彗星亮晶晶,第38卷第1話
586,大雄VS武藏岩流島之前的決鬥,第11卷第7話
587,對哆啦A夢塗鴉,動畫原創
588,燃起來！哆啦美的滑冰特訓,動畫原創
589,時光機不見了！！,第22卷第11話
590,毛皮環,動畫原創
591,耶誕節閃閃大作戰,動畫原創
592,榮光之門,動畫原創
593,拍馬屁大白鯊,動畫原創
594,雪山的羅曼史,第20卷第18話
595,好房子 壞房子,第31卷第7話
596,〇△□恐懼症,第27卷第15話
597,逃離地球計畫,P2卷第9話
598,禁語馬克筆,動畫原創
599,動物變身報恩藥水,第35卷第12話
600,雪人來到鎮上了,動畫原創
601,請吃大雄巧克力,動畫原創
602,藍色月夜下的演唱會,動畫原創
603,見想見的人的回轉壽司,動畫原創
604,用複製頭腦輕鬆一下吧,第43卷第5話
2013年劇場版,大雄的秘密道具博物館,大長篇第30篇
605,福貧組合,第20卷第2話
606,一步步向月球進發,第26卷第14話
607,馬竹牧場,動畫原創
608,用爆醃鹹菜準備考試,大山版1262
609,空地的海豚,動畫原創
610,用時光槍清除“干擾物”,P2卷第21話
611,做石器時代的國王,第7卷第11話
612,抓住鯉魚旗！,C6卷第9話
613,來做任意門吧,動畫原創
614,仙鶴啊、來報恩吧！,動畫原創
615,大雄鐵路,動畫原創
616,用物體變換槍把皮包變河馬！？,第38卷第6話
617,什、什麼！！ 大雄得了一百分,第25卷第6話
618,珍加羅山的寶藏,第15卷第3話
619,豪華燈,第16卷第6話
620,大雄的100分 25年後的大事件,第26卷第18話
621,大雄的炸蝦,動畫原創
622,幫幫我！援助船,動畫原創
623,爸爸也愛撒嬌,第16卷第19話
624,胖虎的歌演生日,動畫原創
625,大雄十一人,動畫原創
626,物物交換機,動畫原創
627,後山的哆啦A夢城,動畫原創
628,“真實之旗”永遠是正確的,第26卷第3話
629,魚類變身遊艇,動畫原創
630,流行性萬用病毒,第6卷第2話
631,鬼故事燈,第2卷第3話
632,萬能機場,第32卷第9話
633,龍宮城的八天,第25卷第13話
634,石頭帽子,第4卷第16話
635,大雄的新娘,第6卷第17話
636,在迷你房屋度過的夏天,第21卷第8話
637,正能量圈,動畫原創
638,地底100英里小型大作戰,動畫原創
639,靜香變成河童了！？,動畫原創
640,指路天使,第3卷第9話
641,歡迎乘坐大雄航空,第28卷第13話
642,神仙遊戲,第36卷第12話
643,22世紀超棒的郊遊,大全集第10卷第30話
644,可擕式國會,第15卷第17話
645,怒氣爆米花,動畫原創
646,狸貓機,第7卷第16話
647,萬聖節的暴走南瓜,動畫原創
648,吹牛皮的祖先,第14卷第8話
649,飛天的漫畫書,第40卷第17話
650,讓別人來背黑鍋吧！,動畫原創
651,肌肉發達黏土,大全集第10卷第51話
652,用暴風擊敗你,第40卷第10話
653,落葉和小珠,動畫原創
654,扮成靜香的大雄,第40卷第9話
655,悟空克隆發液,第37卷第17話
656,不要錢的世界,第13卷第4話
657,哆啦美誕生的那天,動畫原創
658,用回收螞蟻來回收,動畫原創
659,拍馬屁口紅,第1卷第10話
660,看家招牌,第28卷第12話
661,分享口香糖,第11卷第9話
662,宇宙戰艦襲擊大雄,第43卷第15話
663,回想起來吧，那一天的感動！,第29卷第12話
664,禍亂街道的黏土胡椒,C5卷第5話
665,冬天變成雪女吧！,動畫原創
666,用秘密基地保護世界吧！,第20卷第1話
667,四次元騎行,第5卷第8話
668,恐龍獵人,第2卷第17話
669,在情人節打年糕玩相撲,動畫原創
670,與靜香在後院的滑雪場,第6卷第4話
671,比小夫更有錢的人來了,動畫原創
672,與寵物一模一樣的饅頭,第12卷第7話
673,無敵的超級書包,動畫原創
674,藏進去吧！蛤蜊寶盒,第42卷第7話
2014年劇場版,新·大雄的大魔境 〜貝可與5人的探險隊〜,大長篇第3篇
675,大雄的宇宙紙盒空間站,動畫原創
676,懲罰一下愛搶東西的胖虎吧,第33卷第9話
677,到處搬家吧,第17卷第10話
678,相愛太陽傘,第12卷第14話
679,用時光機找犯人,第15卷第8話
680,洩憤沙漏,第44卷第3話
681,用手杖將河川分為兩半,第31卷第5話
682,報復傳票,第38卷第7話
683,坐海豚出海旅行,P6卷第6話
684,安慰機器人,P5卷第11話
685,胖虎飛起來了,動畫原創
686,遺忘草,第9卷第8話
687,我們的空中大作戰,第12卷第6話
688,無法討厭的藥,第8卷第10話
689,大雄家在三十樓,第41卷第9話
690,暴走！禮物樹,動畫原創
691,水都看到了,第26卷第13話
692,幸運水壺,動畫原創
693,什麼都可以做成布偶…,第35卷第15話
694,想變成大人,動畫原創
695,晚上七點會發生什麼,第13卷第15話
696,嚇人手杖,第16卷第10話
697,比我更沒用的傢伙來了,第23卷第11話
698,室內水族館,第23卷第7話
699,小費猩猩,動畫原創
700,大雄漫長的一天,動畫原創
701,全看光光！斷層掃描機,第36卷第16話
702,突擊！大雄的美食報告,動畫原創
703,今年那個日子又來了！,第23卷第5話
704,拍出我的臉！挑剔照相機,第8卷第16話
705,靠接龍變身尼斯湖水怪,動畫原創
706,剪影子刀,第1卷第9話
707,切一塊海下來,第44卷第19話
708,接下來交給替身手套,第40卷第3話
709,大雄餓肚子的3天,第44卷第12話
710,慢吞吞、亂糟糟,第5卷第1話
711,打西瓜的西瓜筆,動畫原創
712,靈魂時光機,第13卷第18話
713,營造氛圍樂團,第14卷第4話
714,輕鬆烤肉組合並不輕鬆,動畫原創
715,南海大冒險～西爾弗船長的寶藏～,第45卷第4話
716,大雄一哭就會下雨,動畫原創
717,叢林探險靠折紙,動畫原創
718,透心涼！妖怪線香,P2卷第3話
719,謊言花開了！,動畫原創
720,胖虎報恩,動畫原創
721,來組裝南方的小島吧,第28卷第16話
722,大雄特快列車與謎之火車獵人,動畫原創
723,販賣夜晚,第10卷第8話
724,後山的兔子怪獸,第29卷第11話
725,敬上！大雄殿下,動畫原創
726,秋季的蟲蟲音樂會,P1卷第20話
727,用下沉丸一掃而光,第24卷第9話
728,大雄的寶物鑒定,第18卷第10話
729,萬聖節和大雄青蛙,動畫原創
730,誕生！漫畫家Christina老師,第37卷第19話
731,天上飛來了秋刀魚,動畫原創
732,兒時的柿子物語,第40卷第13話
733,行山！翱空！交通工具鞋,第39卷第7話
734,媽媽，變成了小學生,動畫原創
735,好想吃松茸！,動畫原創
736,踢我一下！塞翁馬,第44卷第6話
737,實物蠟筆,C5卷第16話
738,感冒傳染袋和亂真藥,C5卷第6話　大全集第3卷第18話　大全集第4卷第59話
739,逮捕大雄小偷！,動畫原創
740,讓那個女生笑起來吧！,第15卷第15話
741,胖虎的歌聲停不下來,第24卷第15話
742,閃耀夜空的披薩座、餃子座,動畫原創
743,逃脫！！巨大聖誕蛋糕,動畫原創
744,滑冰就要到冰河期去,動畫原創
745,乾燥光開賣,第33卷第3話
746,用記憶麵包記百人一首,動畫原創
747,重建破舊旅館,第32卷第4話
748,雪裡也是暖暖的！空調相片,P5卷第4話
749,哆啦哆啦源平合戰,動畫原創
750,一模一樣寵物大集合,P6卷第20話
751,再會！5年未見的大雄,第30卷第11話
752,大雄的土偶之謎,動畫原創
753,沒有房間的門,第15卷第4話
754,我是瑪莉,第8卷第20話
755,挪位棒,第39卷第13話
756,愛上了！？變身餅乾,動畫原創
757,先知鏡,第30卷第13話
758,全能材質轉換器,第25卷第7話
759,雪人自難忘,動畫原創
760,大雄是纏人的火鍋奉行,動畫原創
761,地球下車機,第35卷第10話
2015年劇場版,大雄的宇宙英雄記,大長篇第31篇
762,幻想動物公園與約定豎笛,動畫原創
763,宇宙探險遊戲棋,第20卷第16話
764,最強！萬能通行證,第15卷第7話
765,筷子伸及，無所不及,動畫原創
766,集塵機,P6卷第3話
767,大雄的傑克與豆蔓,C1卷第3話
768,吸引異性徽章,P3卷第4話
769,飛天薄毯,第29卷第13話
770,消息靈通鳥,動畫原創
771,朋友是只大海豚？,動畫原創
772,夢境梯子,第28卷第9話
773,說明書製造機,動畫原創
774,抹布偵探大雄,第8卷第1話
775,N·S徽章運動會,動畫原創
776,珍珠製造寶盒,第28卷第17話
777,來組合客人的臉吧,第4卷第7話
778,尋母六千里藥,第21卷第13話
779,超能力帽子,第7卷第14話
780,可愛雨傘的物語,動畫原創
781,房間裡的大自然,第20卷第5話
782,入夥線香,第25卷第9話
783,巨人出現了,第12卷第13話
784,你的眼眸百萬伏特,P4卷第1話
785,不行不行！禁止標誌,第27卷第9話
786,我的守護紙神,第23卷第14話
787,去參加恐龍之旅,動畫原創
788,來趟恐龍之旅吧！,動畫原創
788,瞌睡貼紙,C2卷第11話
789,3釐米大雄的大冒險,動畫原創
790,我家的泳池是太平洋,第5卷第12話
791,用妖怪做資源回收,大全集第17卷第51話
792,用替身電視去南方小島,P2卷第4話
793,操縱風吧！芭蕉扇,第38卷第13話
794,用冷笑話擊敗你！,動畫原創
795,後山滑水道,動畫原創
796,水窪裡的怪魚,動畫原創
797,外星人的官邸,第14卷第17話
798,惡作劇玩具化機,第36卷第13話
799,用貼紙來角色變身,動畫原創
800,天才大雄的飛行船遊樂園,動畫原創
801,活生生的傳記電燈,動畫原創
802,買主探測器,第32卷第14話
803,長出大象鼻子的靜香,P1卷第11話
804,房間交換開關,第30卷第12話
805,挖來挖去！地底水果狩獵記,第43卷第11話
806,防護罩球,第31卷第13話
807,輕飄飄的胖虎飛走了,第39卷第6話
808,看不見的保鏢,第41卷第2話
809,潘朵拉盒裡的妖怪,第19卷第11話
810,預感天線,第11卷第13話
811,糾正壞習慣的氣體,第7卷第12話
812,熱血！躲避球對決記,動畫原創
813,包巾計程車,P1卷第16話
814,隨時隨地素描組合,第41卷第16話
815,火箭操縱訓練機,第13卷第12話
816,給胖虎的熱情支持信,第35卷第11話
817,超級英雄包巾,第3卷第7話
818,杜鵑蛋,第27卷第4話
819,拯救南極的企鵝！,動畫原創
820,變更日期的日曆,第3卷第2話
821,讓耶誕節下雪,P5卷第9話
822,小心親吻/鼠難之相！,第43卷第14話
823,戰國雄兵衛加油,第1卷第8話
,哆啦A夢&帕門千鈞一髮！？,動畫原創
824,星野堇的秘密之戀,P5卷第12話第19卷第14話
825,地球電梯,動畫原創
826,單只探尋導線,動畫原創
827,魔繩,第7卷第18話
828,兄弟貼紙,第28卷第3話
829,泰山短褲,第31卷第11話
830,追蹤！顯示行蹤的徽章,第9卷第15話
831,一寸大雄惡魔討伐記,動畫原創
832,醫生皮包,第20卷第3話
833,團結巧克力,P1卷第6話
834,獨立！大雄國,第40卷第1話
835,驚險飛鏢,第18卷第2話
836,大預言·地球的滅亡之日,第36卷第10話
837,雪和恐龍,動畫原創
838,親愛的虹穀夢子,第24卷第2話
2016年劇場版,新·大雄的日本誕生,大長篇第9篇大全集第17卷第46話
839,迷路的巴歐巴歐,動畫原創
840,哆啦哆啦狸貓大搜查,動畫原創
841,動物型逃生藥片,第10卷第16話
842,邊吃邊唱邊賞花,第43卷第16話
843,歡迎光臨！佈景城堡,第40卷第2話
844,妖怪口眼怪異事件,第41卷第7話
845,看不見的眼藥水,第10卷第5話
846,眼睛像嘴巴一樣吃東西,第42卷第4話
847,火星野餐,動畫原創
848,心靈感應果,第18卷第8話
849,抓住媽媽！,動畫原創
850,四次元垃圾桶,第45卷第6話
851,自信頭盔,C5卷第15話
852,學校假面是誰？,第33卷第16話
853,大雄和螞蟻女王,第25卷第11話
854,恢復記憶錘,第5卷第5話
855,幸運分享丸,第20卷第12話
856,真心話貼紙,第12卷第3話
857,低谷期！胖虎愛的新歌,動畫原創
858,暴走者爸爸,第17卷第5話
859,斑嘴鴨蛋,動畫原創
860,百年後的副刊,第10卷第7話
861,帶刺玫瑰不開心,動畫原創
862,名作劇場相機,動畫原創
863,三年寢太郎枕,動畫原創
864,室內游泳者,第18卷第5話
865,深夜的城市在海底,第41卷第18話
866,我是迷你哆啦,第41卷第6話
867,大象與叔叔,第5卷第18話
868,天花板上的宇宙戰爭,第19卷第4話
869,加油！妖怪屋,C5卷第2話
870,魯濱遜漂流記裝備,第39卷第18話
871,點心牧場,第24卷第6話
872,森林是活的,第26卷第12話
873,謎之金字塔？埃及大冒險,動畫原創
874,日程時鐘,第3卷第5話
875,忍忍修行道具組合,第28卷第8話
876,不要大雄貓嗎,第43卷第1話
877,獎品賺取牛仔機器人,動畫原創
878,倍倍液,第17卷第1話
879,強迫運動學校,動畫原創
880,漂亮的小咪,第14卷第14話
881,小魔女靜香,第26卷第8話
882,國王的新衣！？超級鎧甲,第16卷第13話
883,紅鞋女孩,第6卷第10話
884,蜘蛛的絲,C6卷第2話
885,求婚大作戰,第1卷第12話
886,葉子偵探大雄,動畫原創
887,二十一世紀的殿下,第24卷第4話
888,用發明家搞大發明,第30卷第16話
889,用大炮說悄悄話,第35卷第1話
890,沒有鏡子的世界,第27卷第17話
891,三六九等！寶物未來鑒定,動畫原創
892,耶誕節在點心屋裡,動畫原創
893,做過火了！願望實現機,第42卷第15話
894,十二地支變身骰子,動畫原創
895,夢的頻道,第15卷第1話
896,向神仙機器人伸出愛之援手！,第28卷第14話
897,用錢筆變成大富翁,第25卷第2話
898,神槍手大雄,第24卷第16話
899,隨心做維京裝,動畫原創
900,傑克、貝蒂和珍妮,第43卷第18話
901,架空人物蛋,第40卷第5話
902,哆啦哆啦間諜大作戰,動畫原創
903,愛上機器少女,第2卷第2話
904,大危機！小夫的考卷,第28卷第11話
905,小人機器人,第7卷第2話
906,宇宙探險！後山星,第25卷第4話
907,胖虎VS機器胖虎,動畫原創
908,被狐狸抓的故事,第39卷第20話
909,討厭的格列佛,第36卷第3話
910,大雄長時間的離家出走,第25卷第1話
2017年劇場版,大雄的南極冰冰涼大冒險,第18卷第6話
911,剛剛好金銀島,動畫原創
912,用遙控貓把東西搶回來！,第42卷第11話
913,貓頭鷹套裝,第34卷第4話
914,發現野槌蛇！,第9卷第2話
915,動物變身餅乾,第1卷第3話
916,進化退化光線槍,第8卷第14話
917,文福哆啦釜,動畫原創
918,一生一次的一百分…,第1卷第11話
919,後山的危險生物公園,動畫原創
920,駕馭韁繩,第12卷第17話
921,交換媽媽,第3卷第3話
922,坐墊也有靈魂,第39卷第15話
923,大雄是世界上僅有的一匹,第27卷第14話
924,地平線膠帶,第28卷第2話
925,忍忍者！機關忍者屋,動畫原創
926,朋友圈,第38卷第8話
927,夏天！山裡！大雄家的露營,動畫原創
928,速成機器人,第29卷第3話
929,點亮心中的燈火,動畫原創
930,雨男好苦啊,第34卷第9話
931,胖虎的搖籃曲,動畫原創
932,給本大爺提升點逼格,第44卷第9話
933,電視臺開播了,第11卷第11話
934,立場交換槍,第44卷第1話
935,用體驗錄影機來享受吧！,第31卷第8話
936,汗水成金儀,動畫原創
937,在天河裡釣魚,動畫原創
938,願望星,第10卷第18話
939,試膽眼鏡,P3卷第2話
940,生物折紙,大山版1593
941,絕景！庭院盆景流水素面,動畫原創
942,一半的一半又一半,第42卷第12話
943,友情膠囊,第4卷第9話
944,小珠的戀人=大雄,第22卷第6話
945,穿過相框去海邊,動畫原創
946,忠犬八,P4卷第7話
947,說謊鏡,第2卷第8話
948,十塊錢任意商店,第44卷第4話
949,輕鬆修仙課程,第43卷第8話
950,厄運鑽石,第8卷第7話
951,鯨魚與夢幻水管島,動畫原創
952,哆啦A夢的歌,大全集第1卷第40話
953,關係圖製造機,動畫原創
954,奔走時空！時光借物賽跑,動畫原創
955,定時傻瓜彈,第41卷第10話
956,魔法師大雄,第37卷第1話
957,大雄家、夢之溫泉旅行,第6卷第3話
958,合體膠,第13卷第8話
959,上啊！大雄超人,第21卷第9話
960,各式各樣的汽水組合,動畫原創
961,魔術盒子,大全集第4卷第39話
962,相棒,動畫原創
963,事後成真喇叭,第37卷第10話
964,大雄的流星,動畫原創
965,誇張外套,第13卷第1話
966,哆啦A夢暖爐,第29卷第2話
967,一夜間結滿了柿子,第34卷第7話
968,拜託請繼續,第41卷第5話
969,用如果電話亭熬晝！？,大全集第18卷第54話
970,幸運撲克牌的恐懼,第27卷第19話
971,未來的聖誕明信片,動畫原創
972,浦島糖果,第9卷第9話
973,用貼紙逃生！,P1卷第4話
974,鐮鼬庫克,動畫原創
975,神燈裡的煙怪,第1卷第15話
976,胖虎燉鍋,第13卷第6話
977,口袋裡的嘣太,動畫原創
978,和平天線,第25卷第10話
979,節日氣球,動畫原創
980,用熱乎乎的雪打雪仗,第26卷第16話
981,熱血助威話筒,動畫原創
982,弄假成真丸,第22卷第13話
983,哆啦輝夜要回月球！？,動畫原創
984,狼人面霜,第11卷第5話
2018年劇場版,大雄的金銀島,大長篇第18篇第45卷第4話
985,時光包巾,第2卷第9話
986,偽外星人,第10卷第10話
987,化石大發現！,第11卷第17話
988,坐上棉被飄啊飄,動畫原創
989,夢幻的城市，大雄樂園,第3卷第13話
990,偷窺哆啦A夢,C1卷第20話
991,冷笑話樂園,動畫原創
992,無敵！昆蟲丹,第19卷第16話
993,榻榻米稻田,第2卷度14話
994,未來購物記,第7卷第10話
995,大雄的美味食用方法,P5卷第7話
996,料理徽章,動畫原創
997,教訓糖果,第22卷第4話
998,人情味調味料,動畫原創
999,蹦床瓶,C1卷第13話
1000,肥皂泡宅急送,動畫原創
1001,拯救尼安德特人,動畫原創
1002,大雄偶爾也會思考,第34卷第14話
1003,巨星胖虎,動畫原創
1004,恐怖的晚餐秀,第41卷第14話
1005,瓦鬼,動畫原創
1006,許願稻稈,第13卷第9話
1007,想在本人錄影裡被表揚,第23卷第1話
1008,螢、螢、螢火蟲快來,動畫原創
1009,棉花糖雲製造機,大山版1606
1010,七夕許願火箭,大全集第16卷第62話
1011,各種花紋的哆啦A夢,動畫原創
1012,不入海就能在海底散步的方法,第19卷第3話
大山版8,恐龍獵人,第19卷第3話
1013,22世紀的暑假,動畫原創
1014,大恐慌！大雄的向日葵日記,動畫原創
1015,槍王爭霸賽,第12卷第16話
1016,涼颼颼！？學校的七大不可思議,動畫原創
1017,吃人的房子,第14卷第16話
1018,立體拼圖錘,動畫原創
1019,三態丸,第33卷第11話
1020,恐怖的報應藥水,第40卷第4話
1021,咕咕複製雞煙花,第35卷第6話
1022,未來的迷宮點心城,動畫原創
,哆啦A夢要搬家了！？,動畫原創
1023,貓咪頭套,動畫原創
1024,堅強～石,第43卷第12話
1025,好多個哆啦A夢,動畫原創
1026,犰狳噴霧劑,動畫原創
1027,變身影印機,動畫原創
1028,燕子大雄,第29卷第15話
1029,失物釣魚池,第32卷第3話
1030,想要厲害的寵物,P1卷第19話
1031,填滿房間的大銅鑼燒,第20卷第13話
1032,凡爾賽的媽媽,動畫原創
1033,超人戒指,C5卷第12話
1034,搶佔野餐先機,動畫原創
1035,多功能護身符責任感超強,第21卷第4話
1036,搜查遊戲組合,動畫原創
1037,復活節島上的摩艾石像,動畫原創
1038,用時光跳躍卷輪拿到禮物,第45卷第8話
1039,鼠年了喲！哆啦A夢,P5卷第1話
1040,源源不斷的壓歲錢,第20卷第14話
1041,萬能AI猴,動畫原創
1042,有用物品販賣機,大全集第3卷第15話
1043,於是大家都變成紅薯了,動畫原創
1044,黏土機器人,第35卷第14話
1045,小心被賄賂（Y蠟）,第11卷第12話
1046,感激光環,P3卷第8話
1047,遠古漂流記,第17卷第4話
1048,機器雪人,P6卷第14話
1049,白日夢帽,第16卷第7話
1050,超能力小夫,第31卷第4話
1051,變成貓的哆啦A夢,動畫原創
1052,紀念日貼紙,動畫原創
2019年劇場版,大雄的月球探險記,第23卷第12話
1053,哆啦A夢是考生！？,動畫原創
1054,地球製造法,第5卷第3話
1055,魔術拉鍊,大全集第18卷第38話
1056,公寓樹,第10卷第3話
1057,千針也要吞下去,第10卷第13話
1058,大雄是灰姑娘,第32卷第12話
1059,牆壁景色更換機,第31卷第14話
1060,“時間”在匆匆流逝,第34卷第8話
1061,通過游泳來尋寶,動畫原創
1062,增加醋和減少醋,動畫原創
1063,熱氣球世界一周之旅？！,第27卷第10話
1064,記憶貸款,動畫原創
1065,穿心思維矛,動畫原創
M26,大雄的恐龍2006,動畫原創
M27,大雄的新魔界大冒險～7人魔法使～,動畫原創
M28,大雄與綠之巨人傳,動畫原創
M29,新·大雄的宇宙開拓史,動畫原創
M30,大雄的人魚大海戰,動畫原創
M31,新·大雄與鐵人兵團,動畫原創
M32,大雄與奇跡之島,動畫原創
M33,大雄的祕密道具博物館,動畫原創
M34,新·大雄的大魔境,動畫原創
M35,大雄之宇宙英雄記,動畫原創
M36,新·大雄的日本誕生,動畫原創
M37,大雄的南極冰天雪地大冒險,動畫原創
M38,大雄的金銀島,動畫原創
M39,大雄的月球探測記,動畫原創
M40,大雄的新恐龍,動畫原創
M41,大雄的宇宙小戰爭2021,動畫原創
M42,大雄與天空的理想鄉,動畫原創
